id_review,caption,relative_date,retrieval_date,rating,username,n_review_user,n_photo_user,url_user
ChdDSUhNMG9nS0VJQ0FnSUNaMWYzQXhRRRAB,,a day ago,2023-09-16 18:51:55.790381,5.0,sanka sankar,0,https://www.google.com/maps/contrib/100734243657545684258/reviews?hl=en-US
ChdDSUhNMG9nS0VJQ0FnSUNaNloyVnBRRRAB,,2 days ago,2023-09-16 18:51:55.790774,5.0,jaykumar prajapati,0,https://www.google.com/maps/contrib/116966707538398754242/reviews?hl=en-US
ChdDSUhNMG9nS0VJQ0FnSUNac2VlM3J3RRAB,,3 days ago,2023-09-16 18:51:55.791193,2.0,seetha raman,0,https://www.google.com/maps/contrib/103186747098156953188/reviews?hl=en-US
ChdDSUhNMG9nS0VJQ0FnSUNaa2ZLMnpBRRAB,Quite place,4 days ago,2023-09-16 18:51:55.791566,5.0,Elanthiraiyan Elavarsan,18,https://www.google.com/maps/contrib/107970003086241670834/reviews?hl=en-US
ChZDSUhNMG9nS0VJQ0FnSUNadk9LYkpREAE,,a week ago,2023-09-16 18:51:55.791911,1.0,Sethesh Kumar,0,https://www.google.com/maps/contrib/114399700158373449666/reviews?hl=en-US
ChdDSUhNMG9nS0VJQ0FnSUNabk03dGtRRRAB,Difficult to go public bus station,a week ago,2023-09-16 18:51:55.792221,3.0,Sett Paing Soe,0,https://www.google.com/maps/contrib/110711699023587512726/reviews?hl=en-US
ChdDSUhNMG9nS0VJQ0FnSUNaN0plZnRnRRAB,,a week ago,2023-09-16 18:51:55.792531,3.0,‡∏ï‡∏∞‡∏ß‡∏±‡∏ô ‡πÄ‡∏•‡∏¥‡∏Å‡∏ô‡∏≠‡∏Å,0,https://www.google.com/maps/contrib/116048256923989461448/reviews?hl=en-US
ChdDSUhNMG9nS0VJQ0FnSUNaN0pHczJ3RRAB,,a week ago,2023-09-16 18:51:55.792878,5.0,Kabir Humaun,46,https://www.google.com/maps/contrib/100050829697369930374/reviews?hl=en-US
ChdDSUhNMG9nS0VJQ0FnSUNab0pTZzlnRRAB,Transportation is very bad in singapore,2 weeks ago,2023-09-16 18:51:55.793121,1.0,hossain akter,0,https://www.google.com/maps/contrib/101671109009706215966/reviews?hl=en-US
ChdDSUhNMG9nS0VJQ0FnSURwMzR6NzlBRRAB,,2 weeks ago,2023-09-16 18:51:55.793397,3.0,Jaikumar.r Jaikumar.r,0,https://www.google.com/maps/contrib/117832167100162578654/reviews?hl=en-US
ChZDSUhNMG9nS0VJQ0FnSURwaDQ3SVpREAE,,2 weeks ago,2023-09-16 18:51:55.793649,3.0,Ashikur Rahaman,66,https://www.google.com/maps/contrib/115364913538002141686/reviews?hl=en-US
ChZDSUhNMG9nS0VJQ0FnSURwdTV2d1BBEAE,,2 weeks ago,2023-09-16 18:51:55.793926,1.0,Ramalingam Ram,0,https://www.google.com/maps/contrib/104361102354053708294/reviews?hl=en-US
ChdDSUhNMG9nS0VJQ0FnSURwM2Y2c3h3RRAB,,2 weeks ago,2023-09-16 18:51:55.794182,5.0,Mohammad Khan,0,https://www.google.com/maps/contrib/100234605857043038092/reviews?hl=en-US
ChZDSUhNMG9nS0VJQ0FnSURwc1p6X0ZREAE,Bus problem,3 weeks ago,2023-09-16 18:51:55.794427,2.0,Josim jovan,0,https://www.google.com/maps/contrib/100418447407278863031/reviews?hl=en-US
ChZDSUhNMG9nS0VJQ0FnSURwcHVYalZ3EAE,Good,3 weeks ago,2023-09-16 18:51:55.794670,5.0,vijay velu,0,https://www.google.com/maps/contrib/102160374316458117046/reviews?hl=en-US
ChZDSUhNMG9nS0VJQ0FnSURwNHVlVVRREAE,Get out,4 weeks ago,2023-09-16 18:51:55.794908,5.0,SYED AMAN,0,https://www.google.com/maps/contrib/100620639952386552342/reviews?hl=en-US
ChdDSUhNMG9nS0VJQ0FnSUNwMDQtVXNnRRAB,Very bad,a month ago,2023-09-16 18:51:55.795143,1.0,Babu Prathe,0,https://www.google.com/maps/contrib/111807442393762402293/reviews?hl=en-US
ChZDSUhNMG9nS0VJQ0FnSUNwbWRINVdnEAE,"Rooms good but site nearby so pollution, some times network issues also have.",a month ago,2023-09-16 18:51:55.795411,3.0,Vijay Sampath,8,https://www.google.com/maps/contrib/116706903105097156444/reviews?hl=en-US
ChZDSUhNMG9nS0VJQ0FnSUMtcXEyalRnEAE,Nearby site so pollution have morning to evening.,a month ago,2023-09-16 18:51:55.795676,3.0,ALONE LOVER,10,https://www.google.com/maps/contrib/114772584110066695010/reviews?hl=en-US
ChZDSUhNMG9nS0VJQ0FnSUNwN3N2OEt3EAE,Bus/MRT very far.transport no good,a month ago,2023-09-16 18:51:55.795930,1.0,VIVEK VINO,0,https://www.google.com/maps/contrib/111442569403335075991/reviews?hl=en-US
ChdDSUhNMG9nS0VJQ0FnSUNwdkpQWGl3RRAB,Not good,a month ago,2023-09-16 18:52:01.983220,1.0,Alifa Akter,0,https://www.google.com/maps/contrib/109772295707726889684/reviews?hl=en-US
ChZDSUhNMG9nS0VJQ0FnSUNweExxRU1REAE,,a month ago,2023-09-16 18:52:01.983662,5.0,CKT Kumar,0,https://www.google.com/maps/contrib/106215418387133558903/reviews?hl=en-US
ChdDSUhNMG9nS0VJQ0FnSUNwZ0plejZRRRAB,,a month ago,2023-09-16 18:52:01.984050,5.0,ye lin naing,0,https://www.google.com/maps/contrib/113053614869473129884/reviews?hl=en-US
ChZDSUhNMG9nS0VJQ0FnSURKaDVYOU1BEAE,Islam aminul,a month ago,2023-09-16 18:52:01.984407,1.0,Aminul Islam,0,https://www.google.com/maps/contrib/112429959875418895657/reviews?hl=en-US
ChZDSUhNMG9nS0VJQ0FnSURKMjdMUUx3EAE,Went there for work. Need to drive in,a month ago,2023-09-16 18:52:01.984759,5.0,Tanweiwei Tanweiwei,0,https://www.google.com/maps/contrib/101232979708598988773/reviews?hl=en-US
ChZDSUhNMG9nS0VJQ0FnSURocUpxbktBEAE,"I won't give any star rating because of there worst transport, bad managing skill unplanned room design anyhow adding additional beds to room and very poor catering facility.  Update: Getting worse day by day",a month ago,2023-09-16 18:52:01.985115,1.0,christopher jebarathnam,4,https://www.google.com/maps/contrib/111142371747743983099/reviews?hl=en-US
ChZDSUhNMG9nS0VJQ0FnSURKX3BEN0FnEAE,Very very worst  Dormitory,a month ago,2023-09-16 18:52:01.985380,1.0,Dhava Selvan,0,https://www.google.com/maps/contrib/108878926035568113969/reviews?hl=en-US
ChdDSUhNMG9nS0VJQ0FnSURKanFtTmtnRRAB,,a month ago,2023-09-16 18:52:01.985625,1.0,Mukelan Ragul,0,https://www.google.com/maps/contrib/111357992237252205140/reviews?hl=en-US
ChdDSUhNMG9nS0VJQ0FnSURKcFBUdDZRRRAB,,2 months ago,2023-09-16 18:52:01.985898,5.0,Ranjith King,0,https://www.google.com/maps/contrib/110289422019181591522/reviews?hl=en-US
ChdDSUhNMG9nS0VJQ0FnSURKc0s2UnV3RRAB,Very nice place wether is very good looking also beautiful üòª ‚Ä¶,2 months ago,2023-09-16 18:52:01.986151,5.0,Touhidul islam Sayem,15,https://www.google.com/maps/contrib/108119237615154608397/reviews?hl=en-US
ChdDSUhNMG9nS0VJQ0FnSUNKN1pQcjVnRRAB,Transport and food and vegetables rate very high. Internet also bad and wifi have but no use . WiFi also very bad,2 months ago,2023-09-16 18:52:08.155469,1.0,Mani Kandan,0,https://www.google.com/maps/contrib/103006979658001187580/reviews?hl=en-US
ChZDSUhNMG9nS0VJQ0FnSUNKdnZmWlZBEAE,Good,2 months ago,2023-09-16 18:52:08.155749,3.0,R Rajkumar,0,https://www.google.com/maps/contrib/106841957624067083454/reviews?hl=en-US
ChZDSUhNMG9nS0VJQ0FnSUNKaHNhTkNnEAE,No government bus route,2 months ago,2023-09-16 18:52:08.155997,3.0,SMS sms,0,https://www.google.com/maps/contrib/100600309240591075410/reviews?hl=en-US
ChdDSUhNMG9nS0VJQ0FnSUNKOUlMYWxBRRAB,No good.,2 months ago,2023-09-16 18:52:08.156245,1.0,prasath selvam,0,https://www.google.com/maps/contrib/106826718793643194735/reviews?hl=en-US
ChZDSUhNMG9nS0VJQ0FnSUNKeE5USWF3EAE,,2 months ago,2023-09-16 18:52:08.156527,3.0,Lingam Lingam,0,https://www.google.com/maps/contrib/115676163061083535937/reviews?hl=en-US
ChZDSUhNMG9nS0VJQ0FnSUNKNEx2OGZnEAE,,2 months ago,2023-09-16 18:52:08.156802,5.0,Sathyasathya Raj,0,https://www.google.com/maps/contrib/111752624863508847944/reviews?hl=en-US
ChZDSUhNMG9nS0VJQ0FnSUR4X2EtWkV3EAE,,3 months ago,2023-09-16 18:52:08.157075,4.0,Sarath Kumar,0,https://www.google.com/maps/contrib/113821043719723247933/reviews?hl=en-US
ChdDSUhNMG9nS0VJQ0FnSUR4X1p1Mml3RRAB,,3 months ago,2023-09-16 18:52:08.157319,5.0,sathya 363808,0,https://www.google.com/maps/contrib/115138386286559870507/reviews?hl=en-US
ChZDSUhNMG9nS0VJQ0FnSUR4X3ZQUkxnEAE,Worst dormitory in Singapore,3 months ago,2023-09-16 18:52:08.157564,1.0,justin Brucelee,0,https://www.google.com/maps/contrib/100083591131141148836/reviews?hl=en-US
ChZDSUhNMG9nS0VJQ0FnSURCX1pHdFRnEAE,Transport problems and food shop  all so very bad,3 months ago,2023-09-16 18:52:08.157819,1.0,SATHIYARAJ Dana,3,https://www.google.com/maps/contrib/105270013665217619736/reviews?hl=en-US
ChZDSUhNMG9nS0VJQ0FnSUR4OHFlMUhBEAE,,3 months ago,2023-09-16 18:52:14.381657,5.0,Gabriel ajish,0,https://www.google.com/maps/contrib/102393850835266167875/reviews?hl=en-US
ChZDSUhNMG9nS0VJQ0FnSUR4OUxmSlBBEAE,"Not bad this dormitory, just only network and transport problem.",3 months ago,2023-09-16 18:52:14.382088,1.0,Ah kamrul,0,https://www.google.com/maps/contrib/104028678440177333897/reviews?hl=en-US
ChZDSUhNMG9nS0VJQ0FnSUR4eUxyUVZ3EAE,,3 months ago,2023-09-16 18:52:14.382494,1.0,Vel Murugan,0,https://www.google.com/maps/contrib/111477955841435827995/reviews?hl=en-US
ChdDSUhNMG9nS0VJQ0FnSUN4NC1UeXNnRRAB,No good,3 months ago,2023-09-16 18:52:14.382851,1.0,Anbu Raj,0,https://www.google.com/maps/contrib/111717937171358239368/reviews?hl=en-US
ChZDSUhNMG9nS0VJQ0FnSUN4bzRlb1NREAE,bad internet,3 months ago,2023-09-16 18:52:14.383197,1.0,Nga Thura,0,https://www.google.com/maps/contrib/113879006124822535136/reviews?hl=en-US
ChdDSUhNMG9nS0VJQ0FnSUN4aWZUMjB3RRAB,,3 months ago,2023-09-16 18:52:14.383535,5.0,Naveen Muthu,0,https://www.google.com/maps/contrib/117871723296021165566/reviews?hl=en-US
ChZDSUhNMG9nS0VJQ0FnSUN4anVXeGNnEAE,"Very poor experience in Singapore in this place, incase any emergency can't come out because of poor transport.",3 months ago,2023-09-16 18:52:14.383876,1.0,Kannan Karthik,0,https://www.google.com/maps/contrib/110985477929251410177/reviews?hl=en-US
ChdDSUhNMG9nS0VJQ0FnSUNlOEl5WDFRRRAB,,4 months ago,2023-09-16 18:52:14.384246,5.0,SM TAINUR,0,https://www.google.com/maps/contrib/104366168241767116263/reviews?hl=en-US
ChZDSUhNMG9nS0VJQ0FnSURSbi15dmR3EAE,,4 months ago,2023-09-16 18:52:14.384486,5.0,Rasel Rasel,0,https://www.google.com/maps/contrib/108137616694387645809/reviews?hl=en-US
ChdDSUhNMG9nS0VJQ0FnSURSN19lZjRRRRAB,,4 months ago,2023-09-16 18:52:14.384756,3.0,Tu Le,0,https://www.google.com/maps/contrib/110238093655869320211/reviews?hl=en-US
ChZDSUhNMG9nS0VJQ0FnSURSa19XOVRREAE,,4 months ago,2023-09-16 18:52:20.706844,2.0,Jana Sankar,0,https://www.google.com/maps/contrib/114002935095664850406/reviews?hl=en-US
ChdDSUhNMG9nS0VJQ0FnSURSdlpiQ19BRRAB,"The room kitchen bathroom everything is very good the main reason I give it three star rating is because of the transportation.  This transport facility is not suitable for us to go out.  There are three to four buses in the morning and three to four buses in the evening.  If anyone comes in between, they have to wait at the check point for at least five hours.  During this waiting time we cannot even go to use the restroom.  Walking is not allowed.  There is only one bus every three quarters of an hour.  Second, we do not receive any letter medicine directly, it only comes to the check post.  For that we have to ask the driver one day and go to the check point.  It will be very convenient for us if bus number 35 goes past the boat station and reaches the dormitory.",4 months ago,2023-09-16 18:52:20.707247,3.0,Gaja Tamilan,0,https://www.google.com/maps/contrib/114247846579677118443/reviews?hl=en-US
ChdDSUhNMG9nS0VJQ0FnSURSdmRUbjlBRRAB,,4 months ago,2023-09-16 18:52:20.707812,1.0,Vignesh Raji,18,https://www.google.com/maps/contrib/117859981193851185982/reviews?hl=en-US
ChdDSUhNMG9nS0VJQ0FnSURSMmNqR3R3RRAB,üòÇüòÇüòÇüòÇüòÇ ‚Ä¶,4 months ago,2023-09-16 18:52:20.708149,1.0,Siva Raj,0,https://www.google.com/maps/contrib/117953240012364635729/reviews?hl=en-US
ChZDSUhNMG9nS0VJQ0FnSURSbVpmclFBEAE,,4 months ago,2023-09-16 18:52:20.708545,5.0,Saravana Nathiya,0,https://www.google.com/maps/contrib/106611958661609246048/reviews?hl=en-US
ChZDSUhNMG9nS0VJQ0FnSURSbnBXU1ZBEAE,,4 months ago,2023-09-16 18:52:20.708888,2.0,bipul sarker,0,https://www.google.com/maps/contrib/101234107708482948845/reviews?hl=en-US
ChZDSUhNMG9nS0VJQ0FnSURSNXEzbktREAE,No transport and proper maintenance no have,4 months ago,2023-09-16 18:52:20.709222,3.0,Kalai Vanan,0,https://www.google.com/maps/contrib/108561571638202460097/reviews?hl=en-US
ChdDSUhNMG9nS0VJQ0FnSURSNXVMWHdnRRAB,,4 months ago,2023-09-16 18:52:20.709504,5.0,Selva Kumar,0,https://www.google.com/maps/contrib/115057464719845024465/reviews?hl=en-US
ChdDSUhNMG9nS0VJQ0FnSURSMnVlUTdRRRAB,No good,4 months ago,2023-09-16 18:52:20.709746,1.0,exclusive Sinthea,0,https://www.google.com/maps/contrib/103494064530840376095/reviews?hl=en-US
ChZDSUhNMG9nS0VJQ0FnSURSNHZDYU1nEAE,"Even if the one who sowed the seed sleeps, the seed does not sleep",4 months ago,2023-09-16 18:52:20.709988,5.0,PA TP,0,https://www.google.com/maps/contrib/101098828287209435314/reviews?hl=en-US
ChZDSUhNMG9nS0VJQ0FnSURSalBLZUNREAE,,4 months ago,2023-09-16 18:52:26.977421,4.0,Prom Pron,0,https://www.google.com/maps/contrib/106626357474148337821/reviews?hl=en-US
ChZDSUhNMG9nS0VJQ0FnSURSaElPekdnEAE,,4 months ago,2023-09-16 18:52:26.977810,1.0,Charan Baala,0,https://www.google.com/maps/contrib/104209228423092276842/reviews?hl=en-US
ChdDSUhNMG9nS0VJQ0FnSURSNko2MHJ3RRAB,,4 months ago,2023-09-16 18:52:26.978171,1.0,mine blowing,0,https://www.google.com/maps/contrib/104467689482261595085/reviews?hl=en-US
ChZDSUhNMG9nS0VJQ0FnSUNodU9UY0xnEAE,"It's worst dormitory like a presion,  no have public transport facilities,  need to walk in 5 km. Distance to reach the public transport.",5 months ago,2023-09-16 18:52:26.978540,1.0,manickam a,47,https://www.google.com/maps/contrib/108303531448268017636/reviews?hl=en-US
ChdDSUhNMG9nS0VJQ0FnSURSd056cXdnRRAB,,5 months ago,2023-09-16 18:52:26.978929,1.0,md mizan mizan,0,https://www.google.com/maps/contrib/111740404259233317339/reviews?hl=en-US
ChdDSUhNMG9nS0VJQ0FnSURSZ0tQQnFBRRAB,,5 months ago,2023-09-16 18:52:26.979303,2.0,Nagarajan M,0,https://www.google.com/maps/contrib/113651971434419154315/reviews?hl=en-US
ChdDSUhNMG9nS0VJQ0FnSUNSdjdpNTZnRRAB,,5 months ago,2023-09-16 18:52:26.979639,3.0,Vivek I,13,https://www.google.com/maps/contrib/115757598251411760318/reviews?hl=en-US
ChdDSUhNMG9nS0VJQ0FnSUNSbjdhazl3RRAB,,5 months ago,2023-09-16 18:52:26.979881,2.0,SG-BD scenery,0,https://www.google.com/maps/contrib/101427445697000787985/reviews?hl=en-US
ChdDSUhNMG9nS0VJQ0FnSUNSdDhPRzFBRRAB,,5 months ago,2023-09-16 18:52:26.980149,3.0,raja vel,0,https://www.google.com/maps/contrib/107074545946995853246/reviews?hl=en-US
ChZDSUhNMG9nS0VJQ0FnSUNScTlMaVh3EAE,,5 months ago,2023-09-16 18:52:26.980419,5.0,Thiru Malai,0,https://www.google.com/maps/contrib/104295513715251722434/reviews?hl=en-US
ChdDSUhNMG9nS0VJQ0FnSUNSazllcl9RRRAB,,5 months ago,2023-09-16 18:52:33.207340,5.0,Gowtham 17,3,https://www.google.com/maps/contrib/103354879628918073717/reviews?hl=en-US
ChdDSUhNMG9nS0VJQ0FnSUNSclpIdzBBRRAB,Good,5 months ago,2023-09-16 18:52:33.207705,2.0,Kannan M,1,https://www.google.com/maps/contrib/111035810768090870827/reviews?hl=en-US
ChdDSUhNMG9nS0VJQ0FnSUNSclpTUHhnRRAB,,5 months ago,2023-09-16 18:52:33.208115,5.0,R Kumaran kvl,0,https://www.google.com/maps/contrib/110495769807319293213/reviews?hl=en-US
ChdDSUhNMG9nS0VJQ0FnSUNSaGVuTDFBRRAB,Super,5 months ago,2023-09-16 18:52:33.208469,4.0,Nishanth Kumar,0,https://www.google.com/maps/contrib/114682464189421546579/reviews?hl=en-US
ChdDSUhNMG9nS0VJQ0FnSUNSMGZmNHlRRRAB,Ok,5 months ago,2023-09-16 18:52:33.208754,5.0,Jega Dhis,47,https://www.google.com/maps/contrib/113991374141434136863/reviews?hl=en-US
ChdDSUhNMG9nS0VJQ0FnSUNSa1p1aS1nRRAB,,5 months ago,2023-09-16 18:52:33.209071,4.0,Wei Hwa,2,https://www.google.com/maps/contrib/104380341149830869340/reviews?hl=en-US
ChdDSUhNMG9nS0VJQ0FnSUNSOXNMaHVnRRAB,Good dormitory but transport no good,5 months ago,2023-09-16 18:52:33.209343,4.0,Gurudevan Veeramani,0,https://www.google.com/maps/contrib/109614712489537801237/reviews?hl=en-US
ChdDSUhNMG9nS0VJQ0FnSUNSeXZHSGpnRRAB,,5 months ago,2023-09-16 18:52:33.209637,1.0,Md Shihab Sarker,9,https://www.google.com/maps/contrib/107531709110393099033/reviews?hl=en-US
ChdDSUhNMG9nS0VJQ0FnSUNSb29DLWlBRRAB,,5 months ago,2023-09-16 18:52:33.209885,4.0,gerald wei hwa,0,https://www.google.com/maps/contrib/100777010593449732060/reviews?hl=en-US
ChZDSUhNMG9nS0VJQ0FnSUNSd1B5U0NnEAE,Transport very low  I can't like this place,5 months ago,2023-09-16 18:52:33.210132,3.0,Prakash Ayyampermal (villens),98,https://www.google.com/maps/contrib/107785283309887296014/reviews?hl=en-US
ChZDSUhNMG9nS0VJQ0FnSURocDhURVpBEAE,This dormitory is in Singapore international airport (HIGHLY PROTECTED) area inside. With out any authorized person can not enter.,5 months ago,2023-09-16 18:52:39.512420,5.0,Bisshas Md sabuj,8,https://www.google.com/maps/contrib/108602924882500365441/reviews?hl=en-US
ChdDSUhNMG9nS0VJQ0FnSURoX1k2bTV3RRAB,,6 months ago,2023-09-16 18:52:39.512837,1.0,Guna Mathi,0,https://www.google.com/maps/contrib/100401883899255939983/reviews?hl=en-US
ChdDSUhNMG9nS0VJQ0FnSURoNlltc2hRRRAB,,6 months ago,2023-09-16 18:52:39.513201,2.0,Sridharan,7,https://www.google.com/maps/contrib/118406221296590952351/reviews?hl=en-US
ChdDSUhNMG9nS0VJQ0FnSURoNUx6QS1BRRAB,,6 months ago,2023-09-16 18:52:39.513551,1.0,Raman .c,0,https://www.google.com/maps/contrib/107703858065048564814/reviews?hl=en-US
ChZDSUhNMG9nS0VJQ0FnSUNCbTlUQVJBEAE,"The dormitory placed in terminal 5 airport area. Not allowed un authorised persons or vehicle‚Äôs only allowed to enter dormitory staying persons. No transport facilities bad experience no public transport facilities. This is 2023 newly opened dormitory so grocery stores are open one by one. No alcohol in the dormitory. Playfield have valley ball, shuttle game. Water power services are okay but management was very strict.",6 months ago,2023-09-16 18:52:39.513911,3.0,Prakasam ajith,149,https://www.google.com/maps/contrib/106939307850911788560/reviews?hl=en-US
ChZDSUhNMG9nS0VJQ0FnSUNoODl2X0VnEAE,,6 months ago,2023-09-16 18:52:39.514276,2.0,Tun koko,0,https://www.google.com/maps/contrib/118303773345210693273/reviews?hl=en-US
ChdDSUhNMG9nS0VJQ0FnSUNoX2QtczR3RRAB,,6 months ago,2023-09-16 18:52:39.514537,5.0,just Go TV,6,https://www.google.com/maps/contrib/107378607210946044876/reviews?hl=en-US
ChZDSUhNMG9nS0VJQ0FnSUNobmEtZVRREAE,Good sarvich more then beta,6 months ago,2023-09-16 18:52:39.514782,4.0,Emran Hossin Kajol,0,https://www.google.com/maps/contrib/103425265083096486843/reviews?hl=en-US
ChdDSUhNMG9nS0VJQ0FnSUNoNGF6c3lBRRAB,,7 months ago,2023-09-16 18:52:39.515056,3.0,Za Kir,0,https://www.google.com/maps/contrib/107330779785972584305/reviews?hl=en-US
ChZDSUhNMG9nS0VJQ0FnSUNodk5uN0VBEAE,,7 months ago,2023-09-16 18:52:39.515298,5.0,Lovely Praveen,0,https://www.google.com/maps/contrib/116608772803131466456/reviews?hl=en-US
ChdDSUhNMG9nS0VJQ0FnSUNodEphUzlnRRAB,Good,7 months ago,2023-09-16 18:52:45.785593,5.0,Alamgir Kabir,0,https://www.google.com/maps/contrib/100530962014277023299/reviews?hl=en-US
ChZDSUhNMG9nS0VJQ0FnSUNoNk12c1RnEAE,,7 months ago,2023-09-16 18:52:45.785896,4.0,Rubel Mia,9,https://www.google.com/maps/contrib/111554301362558323367/reviews?hl=en-US
ChZDSUhNMG9nS0VJQ0FnSUNoeUwyQ1pREAE,,7 months ago,2023-09-16 18:52:45.786178,2.0,Md: Jubayer Hussain,0,https://www.google.com/maps/contrib/111695146028262806154/reviews?hl=en-US
ChZDSUhNMG9nS0VJQ0FnSUNoa0tyNldnEAE,,7 months ago,2023-09-16 18:52:45.786456,5.0,Jehamatulla Jeha,0,https://www.google.com/maps/contrib/113054954602822823777/reviews?hl=en-US
ChdDSUhNMG9nS0VJQ0FnSURCM19tY3JBRRAB,,7 months ago,2023-09-16 18:52:45.786708,5.0,Aynal haque,0,https://www.google.com/maps/contrib/100156995577357368946/reviews?hl=en-US
ChdDSUhNMG9nS0VJQ0FnSURCbDlhT2h3RRAB,,7 months ago,2023-09-16 18:52:45.786998,5.0,Imdadul Haque,12,https://www.google.com/maps/contrib/118269672643018505820/reviews?hl=en-US
ChdDSUhNMG9nS0VJQ0FnSURCNjVUTjNRRRAB,Good üëç ‚Ä¶,7 months ago,2023-09-16 18:52:45.787264,5.0,Polinati Govindaraju,0,https://www.google.com/maps/contrib/109370830045110975875/reviews?hl=en-US
ChdDSUhNMG9nS0VJQ0FnSURCX1k3UHl3RRAB,dormitory management's need more easy Transportation  way.,7 months ago,2023-09-16 18:52:45.787686,5.0,shivlo hassan,16,https://www.google.com/maps/contrib/108767910499681872557/reviews?hl=en-US
ChdDSUhNMG9nS0VJQ0FnSURCMC1DeDlRRRAB,,7 months ago,2023-09-16 18:52:45.787992,5.0,Md Sagor,0,https://www.google.com/maps/contrib/117320254111692845462/reviews?hl=en-US
ChZDSUhNMG9nS0VJQ0FnSURCbzlHNlNnEAE,Dormitory is very good,7 months ago,2023-09-16 18:52:45.788270,5.0,Technical brothers,79,https://www.google.com/maps/contrib/111258083363626022177/reviews?hl=en-US
ChdDSUhNMG9nS0VJQ0FnSURCdzUyOHRBRRAB,Problem is transport.,7 months ago,2023-09-16 18:52:52.403147,1.0,Ajithkumar Kasinathan,0,https://www.google.com/maps/contrib/100760964191154801622/reviews?hl=en-US
ChZDSUhNMG9nS0VJQ0FnSURCZzdPaUdREAE,,7 months ago,2023-09-16 18:52:52.403595,5.0,Anbu Vino,0,https://www.google.com/maps/contrib/101004830854056642546/reviews?hl=en-US
ChZDSUhNMG9nS0VJQ0FnSURCX2NXRkhREAE,,7 months ago,2023-09-16 18:52:52.404028,1.0,Arv Shadypan,0,https://www.google.com/maps/contrib/113090289323740763868/reviews?hl=en-US
ChZDSUhNMG9nS0VJQ0FnSURCX1lYU1ZnEAE,,7 months ago,2023-09-16 18:52:52.404383,1.0,Tamil Tamil,0,https://www.google.com/maps/contrib/101429839489634115370/reviews?hl=en-US
ChdDSUhNMG9nS0VJQ0FnSURCcmR1SXBnRRAB,"This dormitory is worst in Singapore, they say free WiFi, ----- WiFi for Singapore, my data also can't use the dorm inside the room, if I want to call my home country must I go outside, poor country also can reach network easily but here very very poor, next scuddle bus peoples coming before free, now dorm to checkpoint 1 time 1 dollar, they don't allow any taxi or 2 wheeler, only workers can use company transport or dormitory transport,next thing price, Singapore all people know the price of single beer, outside 3.80, but here 4.90 cents, they no pass any receipt also,I'm working on Singapore over 10 years I never see look like dorm, totally worst dormitory in Singapore, how can mom approved this dormitory,this is not a workers dormitory, Singapore prison for foreign worker, they don't think worker's also human they treat look like animal, i know this feedback no use or not suitable for Singapore government,but i just reminding for Singapore government and ministry of manpower",7 months ago,2023-09-16 18:52:52.404753,5.0,Divagar Ram,0,https://www.google.com/maps/contrib/107884608537504819105/reviews?hl=en-US
ChdDSUhNMG9nS0VJQ0FnSURCN3VmYWlnRRAB,"Good as well.. But transportation something problem. Like before dormitory bus was free until the pass office,  but now Everytime per person $1 take.. Its disappointing many people‚Äôs.",7 months ago,2023-09-16 18:52:52.405183,3.0,Umme Salma,0,https://www.google.com/maps/contrib/109538390711008078154/reviews?hl=en-US
ChZDSUhNMG9nS0VJQ0FnSURCakxmUGZBEAE,"The security personal , treat the worker staying there not like human. They think the worker own by them. Act like gangster. i encounter myself before. one of the security the age around 60 plus to 70 plus talk so rude to the worker. i believe the management or government can do something about this dormitory. Before they place get more worse. Worst dormitory ever in Singapore. Very far away from mrt/bus stop. If if wish to go out, There has no human rights, security are thinking there staying workers they are all animals. Here have many time power cut and water cut problems cannot do proper time and work,Don't want to comment anything about this dormitory . No response from the management  last three month  i give one star also am hurt this place for this star",8 months ago,2023-09-16 18:52:52.405518,1.0,Karuppaiya Selvaraj,0,https://www.google.com/maps/contrib/118334330467759468197/reviews?hl=en-US
ChdDSUhNMG9nS0VJQ0FnSURCcUxqWGx3RRAB,,8 months ago,2023-09-16 18:52:52.406184,3.0,Koe Thein,0,https://www.google.com/maps/contrib/107673320405302496632/reviews?hl=en-US
ChdDSUhNMG9nS0VJQ0FnSURCd003LXd3RRAB,,8 months ago,2023-09-16 18:52:52.406625,5.0,Pandiyarajan Rajendran,0,https://www.google.com/maps/contrib/104108186014607752414/reviews?hl=en-US
ChZDSUhNMG9nS0VJQ0FnSURCZ0oyMEFnEAE,,8 months ago,2023-09-16 18:52:52.406976,5.0,Muthu Volvo,0,https://www.google.com/maps/contrib/106955202598037031483/reviews?hl=en-US
ChZDSUhNMG9nS0VJQ0FnSUNCai1hV2ZBEAE,,8 months ago,2023-09-16 18:52:59.078608,5.0,Mijan S024,2,https://www.google.com/maps/contrib/112121867390184422006/reviews?hl=en-US
ChZDSUhNMG9nS0VJQ0FnSUNCdDRQN1FBEAE,Transport no good.,8 months ago,2023-09-16 18:52:59.078969,3.0,kumaravel kumaravel,0,https://www.google.com/maps/contrib/109728066267220406342/reviews?hl=en-US
ChZDSUhNMG9nS0VJQ0FnSUNCcC1qOEV3EAE,all good except transport üòê,8 months ago,2023-09-16 18:52:59.079273,5.0,shobo alam,0,https://www.google.com/maps/contrib/117504305043921752065/reviews?hl=en-US
ChZDSUhNMG9nS0VJQ0FnSUNCNjkzZ1NREAE,,8 months ago,2023-09-16 18:52:59.079692,4.0,Samy Anandh,0,https://www.google.com/maps/contrib/114829585167729538375/reviews?hl=en-US
ChdDSUhNMG9nS0VJQ0FnSUNCczVHWW5RRRAB,,8 months ago,2023-09-16 18:52:59.080014,5.0,Dhivakar 1995,0,https://www.google.com/maps/contrib/116865219527540623092/reviews?hl=en-US
ChZDSUhNMG9nS0VJQ0FnSUNCay1UOVZREAE,,8 months ago,2023-09-16 18:52:59.080487,5.0,BAZLUR RASHID,33,https://www.google.com/maps/contrib/114557022745227434617/reviews?hl=en-US
ChdDSUhNMG9nS0VJQ0FnSUNCb191dWdRRRAB,,8 months ago,2023-09-16 18:52:59.080985,1.0,roshid parvez,0,https://www.google.com/maps/contrib/106567322447678478319/reviews?hl=en-US
ChdDSUhNMG9nS0VJQ0FnSUNCZzRmaTd3RRAB,,8 months ago,2023-09-16 18:52:59.081257,5.0,Ariftalukdar Gp,0,https://www.google.com/maps/contrib/116852189718447004584/reviews?hl=en-US
ChdDSUhNMG9nS0VJQ0FnSUNCbmNLSjJRRRAB,,8 months ago,2023-09-16 18:52:59.081526,1.0,suresh mani,0,https://www.google.com/maps/contrib/114284230241811450829/reviews?hl=en-US
ChZDSUhNMG9nS0VJQ0FnSUQtbTV1aUhREAE,Singapore,9 months ago,2023-09-16 18:52:59.081776,5.0,MD. Talha,47,https://www.google.com/maps/contrib/102894626427277125996/reviews?hl=en-US
ChdDSUhNMG9nS0VJQ0FnSUQtaVk3dWxnRRAB,,9 months ago,2023-09-16 18:53:05.766627,5.0,Madhesh Mani,50,https://www.google.com/maps/contrib/116484542625275313244/reviews?hl=en-US
ChZDSUhNMG9nS0VJQ0FnSUQtaWZTQWNREAE,,9 months ago,2023-09-16 18:53:05.766933,3.0,Vel Murugan,0,https://www.google.com/maps/contrib/113927066138097812849/reviews?hl=en-US
ChdDSUhNMG9nS0VJQ0FnSUQtcUtYODdBRRAB,,9 months ago,2023-09-16 18:53:05.767507,5.0,pandian kvaloo,0,https://www.google.com/maps/contrib/103162234720406914718/reviews?hl=en-US
ChZDSUhNMG9nS0VJQ0FnSUMteUl1T0VnEAE,,10 months ago,2023-09-16 18:53:05.767997,5.0,N.D.MOORTHY,0,https://www.google.com/maps/contrib/107965089568048280193/reviews?hl=en-US
ChdDSUhNMG9nS0VJQ0FnSURlcjZmQzdRRRAB,,10 months ago,2023-09-16 18:53:05.768385,1.0,A. Gobi,0,https://www.google.com/maps/contrib/117393876877466588294/reviews?hl=en-US
ChdDSUhNMG9nS0VJQ0FnSURlc2F2MzF3RRAB,,11 months ago,2023-09-16 18:53:05.768761,3.0,Islam Nazrul,0,https://www.google.com/maps/contrib/117780462520351566609/reviews?hl=en-US
ChdDSUhNMG9nS0VJQ0FnSURlNXBySHB3RRAB,,11 months ago,2023-09-16 18:53:05.769170,1.0,Dhiva kar,0,https://www.google.com/maps/contrib/100548195353514410051/reviews?hl=en-US
ChdDSUhNMG9nS0VJQ0FnSURlaXQtRHh3RRAB,,11 months ago,2023-09-16 18:53:05.769480,1.0,KAWSAR MD ABDULLAH AL,0,https://www.google.com/maps/contrib/105550187075536671458/reviews?hl=en-US
ChZDSUhNMG9nS0VJQ0FnSURlNHNEeWZREAE,,11 months ago,2023-09-16 18:53:05.769837,5.0,Ajith G,0,https://www.google.com/maps/contrib/104683632048750224309/reviews?hl=en-US
ChdDSUhNMG9nS0VJQ0FnSURlbE95al9RRRAB,Good,11 months ago,2023-09-16 18:53:05.770080,4.0,Suresh Suresh,0,https://www.google.com/maps/contrib/116941689539980322710/reviews?hl=en-US
ChZDSUhNMG9nS0VJQ0FnSURlaElQbFJ3EAE,,11 months ago,2023-09-16 18:53:12.620843,3.0,Xtreme Sai,0,https://www.google.com/maps/contrib/108716151440267897985/reviews?hl=en-US
ChZDSUhNMG9nS0VJQ0FnSURlc0pHZENREAE,,11 months ago,2023-09-16 18:53:12.621228,5.0,jai sankar,0,https://www.google.com/maps/contrib/100744097388009756070/reviews?hl=en-US
ChdDSUhNMG9nS0VJQ0FnSUNlcjc2LXpnRRAB,,11 months ago,2023-09-16 18:53:12.621801,1.0,Saleem Sithik,0,https://www.google.com/maps/contrib/114117879501480996673/reviews?hl=en-US
ChdDSUhNMG9nS0VJQ0FnSUNleGZqU21RRRAB,,11 months ago,2023-09-16 18:53:12.622288,5.0,HR ISLAMIC MIDIA,0,https://www.google.com/maps/contrib/104103229703009912280/reviews?hl=en-US
ChZDSUhNMG9nS0VJQ0FnSUNlNXNDT0xREAE,,a year ago,2023-09-16 18:53:12.622670,5.0,karthik tamil,0,https://www.google.com/maps/contrib/105838780840343857288/reviews?hl=en-US
ChZDSUhNMG9nS0VJQ0FnSUNlcXBMLVdBEAE,,a year ago,2023-09-16 18:53:12.623055,5.0,Mani Kandan,0,https://www.google.com/maps/contrib/107043384589487302553/reviews?hl=en-US
ChZDSUhNMG9nS0VJQ0FnSUNlX0l1T0dREAE,No have transport and security like God to room worker .. waste costal dormantriy. Can't walk .. can't stand..  This is jail.,a year ago,2023-09-16 18:53:12.623311,1.0,vengadachalam Balu,7,https://www.google.com/maps/contrib/111069448881241030544/reviews?hl=en-US
ChdDSUhNMG9nS0VJQ0FnSUNlX083TXVnRRAB,Transportation problem,a year ago,2023-09-16 18:53:12.623568,4.0,DINESH DEVI,17,https://www.google.com/maps/contrib/114043665745756247214/reviews?hl=en-US
ChZDSUhNMG9nS0VJQ0FnSUNleklfQ0NBEAE,,a year ago,2023-09-16 18:53:12.623979,1.0,Ashwin Selvam,0,https://www.google.com/maps/contrib/116158628673242741474/reviews?hl=en-US
ChZDSUhNMG9nS0VJQ0FnSUNldVAtTldnEAE,Location is the inside of the terminal and mobile data connection is very very poor,a year ago,2023-09-16 18:53:12.624219,2.0,Bibin Bibin,0,https://www.google.com/maps/contrib/116932448137175491215/reviews?hl=en-US
ChdDSUhNMG9nS0VJQ0FnSUR1Z183S3pnRRAB,,a year ago,2023-09-16 18:53:19.423330,3.0,antony dasan,0,https://www.google.com/maps/contrib/102166187811944271670/reviews?hl=en-US
ChdDSUhNMG9nS0VJQ0FnSUR1M1k2MnBBRRAB,,a year ago,2023-09-16 18:53:19.423744,5.0,Chandran Mohan,0,https://www.google.com/maps/contrib/102881229081669859624/reviews?hl=en-US
ChZDSUhNMG9nS0VJQ0FnSUR1LXNIaEhnEAE,,a year ago,2023-09-16 18:53:19.424139,5.0,Giri Dharan,0,https://www.google.com/maps/contrib/100334171873948715503/reviews?hl=en-US
ChZDSUhNMG9nS0VJQ0FnSUR1bXV1Zk53EAE,,a year ago,2023-09-16 18:53:19.424527,5.0,VS Selvam,0,https://www.google.com/maps/contrib/101231246910877139402/reviews?hl=en-US
ChdDSUhNMG9nS0VJQ0FnSUR1OUxXN2lnRRAB,labor camp,a year ago,2023-09-16 18:53:19.424902,5.0,Xiaopeng Wang,20,https://www.google.com/maps/contrib/118351593957860091865/reviews?hl=en-US
ChZDSUhNMG9nS0VJQ0FnSUN1bWRXQlF3EAE,"Very very very worst please guy's note don't come here to stay. Transport is very difficult. Need to gross the pass office and also outside vehicle can't enter bring you If any emergency very difficult.  From the thanah merah road to this dormitory almost 5 KMüò≥üò≥. If you stay here please forgot your outside friends and fun.  This is not a """"Coastal Dormitory """" This is a """"""Ghoastel Dormitory üëª""""""""""üò§",a year ago,2023-09-16 18:53:19.425260,1.0,Shan Vino,331,https://www.google.com/maps/contrib/100880654865012400049/reviews?hl=en-US
ChdDSUhNMG9nS0VJQ0FnSUN1bDliSV93RRAB,,a year ago,2023-09-16 18:53:19.425676,4.0,Balachandran Surendhar,0,https://www.google.com/maps/contrib/106649875077647093480/reviews?hl=en-US
ChZDSUhNMG9nS0VJQ0FnSUN1bThPVmR3EAE,Silent and like a private home,a year ago,2023-09-16 18:53:19.425926,5.0,PARAMASIVAM ARIVALAGAN,39,https://www.google.com/maps/contrib/103346117042902979464/reviews?hl=en-US
ChdDSUhNMG9nS0VJQ0FnSUN1bGJxVDlRRRAB,Infrastructure is very good but the travel distance from city is very hard can't get buses,a year ago,2023-09-16 18:53:19.426179,3.0,A Manickam,57,https://www.google.com/maps/contrib/118076187542836727736/reviews?hl=en-US
ChZDSUhNMG9nS0VJQ0FnSUN1eGNPWFZREAE,,a year ago,2023-09-16 18:53:19.426454,5.0,PRABU KAMARAJ,0,https://www.google.com/maps/contrib/110359524637399997276/reviews?hl=en-US
ChdDSUhNMG9nS0VJQ0FnSUN1eGZLVHJRRRAB,,a year ago,2023-09-16 18:53:26.173272,2.0,Hafizur rahaman,0,https://www.google.com/maps/contrib/109715604217866666244/reviews?hl=en-US
ChdDSUhNMG9nS0VJQ0FnSUN1LWZHUHR3RRAB,,a year ago,2023-09-16 18:53:26.173580,4.0,Hasan Rasel,0,https://www.google.com/maps/contrib/105481966886808735703/reviews?hl=en-US
ChdDSUhNMG9nS0VJQ0FnSUN1OGJPZXhBRRAB,If you going urgently can't because transport don't have ü§£ü§£ü§£ü§£,a year ago,2023-09-16 18:53:26.173833,1.0,Rajesh Kumar,0,https://www.google.com/maps/contrib/103280803520929779245/reviews?hl=en-US
ChZDSUhNMG9nS0VJQ0FnSUN1MGRDcEpnEAE,Dormitory facility for resident is very good. Need to concern about  transport system.,a year ago,2023-09-16 18:53:26.174087,4.0,jitu vakta,0,https://www.google.com/maps/contrib/105506787468921754235/reviews?hl=en-US
ChdDSUhNMG9nS0VJQ0FnSURPeC1xNWx3RRAB,Rooms all perfect...... one things still they are never improve ..... Im talking about network totally waste  They provide wifi lousy sg all network can making call cannot use internet We already inform management about this  Still no reply,a year ago,2023-09-16 18:53:26.174336,1.0,‡Æ™‡ØÅ‡Æ§‡ØÅ‡ÆØ‡ØÅ‡Æï ‡Æï‡Æµ‡Æø‡Æï‡Øç‡Æï‡ØÅ‡Æ¥‡ØÅ‡ÆÆ‡ÆÆ‡Øç,0,https://www.google.com/maps/contrib/105826919466489091303/reviews?hl=en-US
ChZDSUhNMG9nS0VJQ0FnSURPc2FYS01BEAE,,a year ago,2023-09-16 18:53:26.174620,5.0,Omar Faruk,0,https://www.google.com/maps/contrib/105899581593151145268/reviews?hl=en-US
ChdDSUhNMG9nS0VJQ0FnSURPN29uRnp3RRAB,,a year ago,2023-09-16 18:53:26.174865,5.0,MAMUN PATHAN,0,https://www.google.com/maps/contrib/106543179760519274245/reviews?hl=en-US
ChZDSUhNMG9nS0VJQ0FnSURPMXVfNFhnEAE,,a year ago,2023-09-16 18:53:26.175107,1.0,sethukarthi30,0,https://www.google.com/maps/contrib/105609264193738039995/reviews?hl=en-US
ChdDSUhNMG9nS0VJQ0FnSURPeXRXSDVnRRAB,Wery  wosht,a year ago,2023-09-16 18:53:26.175354,2.0,Selva kumar,0,https://www.google.com/maps/contrib/114196175372448388008/reviews?hl=en-US
ChZDSUhNMG9nS0VJQ0FnSURPcUxuYVNnEAE,,a year ago,2023-09-16 18:53:26.175677,4.0,arivu mani,0,https://www.google.com/maps/contrib/104544387416481139588/reviews?hl=en-US
ChZDSUhNMG9nS0VJQ0FnSUNPbl9XZWJ3EAE,,a year ago,2023-09-16 18:53:33.327706,5.0,M ilayaraja,3,https://www.google.com/maps/contrib/117275575525822993954/reviews?hl=en-US
ChdDSUhNMG9nS0VJQ0FnSUNPbTR1TjJBRRAB,,a year ago,2023-09-16 18:53:33.328162,3.0,sarath kumar,0,https://www.google.com/maps/contrib/113578817904549052313/reviews?hl=en-US
ChZDSUhNMG9nS0VJQ0FnSUNPdzRYUEp3EAE,,a year ago,2023-09-16 18:53:33.328724,2.0,Mu Muruganandham,0,https://www.google.com/maps/contrib/101339781647181503804/reviews?hl=en-US
ChZDSUhNMG9nS0VJQ0FnSUNPdE12N2FnEAE,,a year ago,2023-09-16 18:53:33.329261,4.0,Moniruzzaman Monnu,0,https://www.google.com/maps/contrib/118343879397610600245/reviews?hl=en-US
ChZDSUhNMG9nS0VJQ0FnSUQyajkzdVNBEAE,Out side coming a many problem no bus only one bus can not ma,a year ago,2023-09-16 18:53:33.329617,4.0,Yfivinoth ddram,57,https://www.google.com/maps/contrib/109953448020049507039/reviews?hl=en-US
ChZDSUhNMG9nS0VJQ0FnSUQyX2FDQUl3EAE,,a year ago,2023-09-16 18:53:33.330061,1.0,Mohammad Moniya,5,https://www.google.com/maps/contrib/107067339277997649310/reviews?hl=en-US
ChdDSUhNMG9nS0VJQ0FnSUQyelpqTG5BRRAB,not good..room inside very hot..fun also no enough,a year ago,2023-09-16 18:53:33.330377,2.0,SHUJAN HOSSAIN,0,https://www.google.com/maps/contrib/107566307114126575835/reviews?hl=en-US
ChdDSUhNMG9nS0VJQ0FnSUQyNUttWXlRRRAB,,a year ago,2023-09-16 18:53:33.330625,5.0,Arul Kumar,0,https://www.google.com/maps/contrib/115553541664458888601/reviews?hl=en-US
ChZDSUhNMG9nS0VJQ0FnSUQyZ09teFBBEAE,,a year ago,2023-09-16 18:53:33.331044,1.0,kaja knkn,0,https://www.google.com/maps/contrib/103831150870596759371/reviews?hl=en-US
ChZDSUhNMG9nS0VJQ0FnSURXNjRpUE9REAE,Safe..,a year ago,2023-09-16 18:53:33.331301,5.0,vetri vs,11,https://www.google.com/maps/contrib/105658120005165736980/reviews?hl=en-US
ChZDSUhNMG9nS0VJQ0FnSUMyakkydUh3EAE,,a year ago,2023-09-16 18:53:39.922171,5.0,Kannathasan Kannathasan,0,https://www.google.com/maps/contrib/101306775894233847339/reviews?hl=en-US
ChdDSUhNMG9nS0VJQ0FnSURXMC1lZHh3RRAB,,a year ago,2023-09-16 18:53:39.922512,5.0,Shohagalimorol Morol,0,https://www.google.com/maps/contrib/100122212315160677027/reviews?hl=en-US
ChdDSUhNMG9nS0VJQ0FnSURXcWN1NnB3RRAB,,a year ago,2023-09-16 18:53:39.922789,5.0,Amalraj Amalraj,0,https://www.google.com/maps/contrib/104221536915840651044/reviews?hl=en-US
ChdDSUhNMG9nS0VJQ0FnSURXa2I2TXBnRRAB,This is a place for MW to stay were they work not a hotel not much to say cause there is rules and regulations went stayin stil under supervisor by the government servant...,a year ago,2023-09-16 18:53:39.923044,3.0,Mohd Suhaimi Rais (Haimi1719),33,https://www.google.com/maps/contrib/115930798167964159832/reviews?hl=en-US
ChZDSUhNMG9nS0VJQ0FnSURXdm9pS2J3EAE,,a year ago,2023-09-16 18:53:39.923301,3.0,Arunachalam Maruthamuthu,9,https://www.google.com/maps/contrib/111549138092084698881/reviews?hl=en-US
